week,XRP,dogecoin,kucoin,fetch,ethereum,bitcoin,filecoin,monero,tezos,chainlink,cardano,singularitynet,uniswap,litecoin,pancakeswap,polkadot,ocean protocol,solana,bnb,oasis network
2019-04-14,6,0.0,3,5,3,11,1.0,22,15,5,4,8,0.0,16,0.0,6,13,9,60,5
2019-04-21,5,0.0,3,0,3,12,1.0,21,11,5,3,15,0.0,15,0.0,6,14,8,57,4
2019-04-28,6,0.0,3,4,3,11,1.0,23,8,4,3,10,0.0,15,0.0,6,32,8,53,2
2019-05-05,6,0.0,3,0,3,14,1.0,23,8,6,3,0,0.0,17,0.0,6,22,8,54,3
2019-05-12,14,1.0,7,0,7,23,1.0,29,13,8,5,9,0.0,26,0.0,6,10,9,56,5
2019-05-19,8,0.0,4,0,5,17,1.0,26,9,12,4,0,0.0,23,0.0,6,12,8,60,4
2019-05-26,11,0.0,5,6,5,19,1.0,28,9,10,4,7,0.0,30,0.0,5,10,8,60,2
2019-06-02,8,0.0,4,0,3,15,1.0,25,8,7,4,10,0.0,23,0.0,5,11,8,63,3
2019-06-09,7,0.0,5,0,3,15,1.0,24,8,14,3,8,0.0,41,0.0,6,7,8,64,5
2019-06-16,10,0.0,5,0,5,20,1.0,29,10,14,4,0,0.0,32,0.0,6,6,8,64,5
2019-06-23,13,1.0,6,0,7,31,1.0,40,9,33,4,7,0.0,34,0.0,7,5,8,64,5
2019-06-30,7,1.0,5,0,6,21,1.0,29,12,29,3,0,0.0,27,0.0,6,14,8,64,4
2019-07-07,8,1.0,5,0,10,20,1.0,29,10,18,3,6,0.0,26,0.0,7,7,9,67,3
2019-07-14,6,0.0,4,0,14,21,1.0,25,7,13,3,8,0.0,26,0.0,7,0,8,64,7
2019-07-21,6,0.0,3,0,3,16,1.0,22,7,10,3,8,0.0,21,0.0,6,0,9,63,3
2019-07-28,5,0.0,4,0,3,15,1.0,21,13,11,2,10,0.0,23,0.0,6,0,9,64,3
2019-08-04,6,0.0,4,0,3,18,1.0,26,21,9,3,6,0.0,26,0.0,6,0,8,63,2
2019-08-11,6,0.0,3,0,3,17,1.0,23,10,9,2,0,0.0,20,0.0,5,10,8,64,2
2019-08-18,5,0.0,3,0,3,15,1.0,22,8,10,3,7,0.0,17,0.0,5,6,9,61,4
2019-08-25,5,0.0,4,0,3,14,0.0,23,9,9,2,7,0.0,16,0.0,6,9,8,57,0
2019-09-01,4,0.0,3,0,3,14,1.0,23,8,7,3,6,0.0,14,0.0,6,8,8,53,4
2019-09-08,5,0.0,4,0,3,12,1.0,21,6,8,3,6,0.0,14,0.0,5,7,8,48,5
2019-09-15,7,0.0,4,5,3,11,1.0,23,7,9,3,0,0.0,15,0.0,6,7,8,52,2
2019-09-22,5,0.0,3,0,3,14,1.0,23,7,9,3,10,0.0,15,0.0,5,7,7,49,2
2019-09-29,5,0.0,3,0,2,12,1.0,19,5,8,3,0,0.0,12,0.0,5,11,8,49,4
2019-10-06,6,0.0,3,0,2,12,1.0,20,5,16,3,8,0.0,11,0.0,5,7,7,50,4
2019-10-13,6,0.0,3,0,2,11,0.0,23,6,9,3,7,0.0,11,0.0,5,10,10,49,4
2019-10-20,6,0.0,2,0,3,13,1.0,23,6,11,3,0,0.0,12,0.0,5,9,7,50,5
2019-10-27,6,0.0,3,0,2,13,1.0,23,6,9,3,0,0.0,12,0.0,5,11,7,48,3
2019-11-03,6,0.0,3,0,2,11,1.0,23,17,7,2,6,0.0,12,0.0,5,9,8,49,3
2019-11-10,5,0.0,3,0,2,11,1.0,23,11,10,3,6,0.0,11,0.0,5,5,8,46,3
2019-11-17,5,0.0,3,0,3,12,0.0,24,14,9,3,8,0.0,12,0.0,6,5,8,45,4
2019-11-24,5,0.0,3,0,3,13,1.0,28,13,7,3,6,0.0,11,0.0,5,8,7,42,2
2019-12-01,5,0.0,3,0,2,11,1.0,26,12,7,3,0,0.0,10,0.0,5,7,7,42,4
2019-12-08,4,0.0,2,0,2,10,2.0,22,27,6,2,0,0.0,9,0.0,5,12,7,41,3
2019-12-15,6,0.0,2,0,3,12,1.0,25,17,7,3,9,0.0,11,0.0,5,15,8,41,2
2019-12-22,5,0.0,2,0,3,11,2.0,21,11,5,2,0,0.0,12,0.0,5,9,7,48,2
2019-12-29,5,0.0,3,5,3,11,1.0,23,12,6,2,0,0.0,11,0.0,5,7,8,57,3
2020-01-05,6,0.0,3,0,3,13,1.0,26,10,8,3,0,0.0,13,0.0,6,6,8,60,2
2020-01-12,7,0.0,4,0,4,13,1.0,23,11,10,3,0,0.0,16,0.0,5,13,8,60,4
2020-01-19,6,0.0,3,0,3,12,1.0,22,14,8,3,0,0.0,13,0.0,6,5,8,55,3
2020-01-26,6,0.0,3,0,4,13,1.0,22,13,8,4,5,0.0,17,0.0,6,7,8,53,4
2020-02-02,10,0.0,4,0,5,13,1.0,24,28,10,4,6,0.0,19,0.0,5,6,7,55,5
2020-02-09,12,0.0,5,0,8,16,1.0,28,61,19,4,7,1.0,20,0.0,6,5,8,54,0
2020-02-16,9,0.0,3,0,6,13,1.0,24,44,17,3,9,1.0,16,0.0,5,11,8,57,6
2020-02-23,7,0.0,3,0,5,14,1.0,20,27,13,3,7,0.0,14,0.0,5,9,8,52,4
2020-03-01,5,0.0,3,0,4,14,1.0,21,23,17,3,7,0.0,12,0.0,5,7,8,52,4
2020-03-08,7,0.0,2,0,6,24,1.0,23,21,15,3,0,0.0,18,0.0,5,9,9,43,2
2020-03-15,6,0.0,3,0,5,24,1.0,22,16,11,3,8,0.0,16,0.0,5,7,7,28,3
2020-03-22,6,0.0,3,0,4,18,0.0,22,14,8,3,5,0.0,14,0.0,4,9,7,20,0
2020-03-29,5,0.0,2,0,4,16,1.0,29,14,9,3,6,0.0,12,0.0,5,10,6,19,0
2020-04-05,6,0.0,3,0,4,16,1.0,30,18,15,3,8,0.0,13,0.0,6,9,7,19,4
2020-04-12,6,0.0,3,3,4,15,1.0,25,17,17,2,0,1.0,13,0.0,7,8,8,21,2
2020-04-19,5,0.0,3,0,5,15,1.0,25,27,16,3,10,1.0,13,0.0,6,4,6,21,3
2020-04-26,8,0.0,4,0,7,20,1.0,29,32,16,4,7,1.0,15,0.0,5,9,6,25,3
2020-05-03,6,0.0,4,0,6,22,1.0,29,23,15,3,0,1.0,15,0.0,6,15,7,27,2
2020-05-10,6,0.0,6,0,6,25,1.0,31,25,14,3,7,1.0,15,0.0,6,13,6,33,3
2020-05-17,5,0.0,5,0,6,18,1.0,30,31,14,3,0,1.0,13,0.0,5,11,7,37,3
2020-05-24,5,0.0,4,0,5,16,1.0,24,23,12,5,7,1.0,12,0.0,7,12,7,42,4
2020-05-31,5,0.0,4,3,7,16,1.0,24,23,15,6,0,1.0,13,0.0,6,14,7,44,4
2020-06-07,4,0.0,4,0,6,14,2.0,23,19,11,4,7,2.0,11,0.0,6,11,8,51,3
2020-06-14,5,0.0,4,0,5,13,2.0,21,19,14,4,6,2.0,11,0.0,7,8,7,53,4
2020-06-21,5,0.0,3,0,5,13,2.0,22,17,18,4,8,2.0,10,0.0,6,10,8,58,2
2020-06-28,4,0.0,4,0,5,13,2.0,20,16,12,6,7,2.0,10,0.0,7,12,8,58,2
2020-07-05,5,4.0,4,0,6,13,3.0,21,17,30,8,7,3.0,11,0.0,7,23,8,60,3
2020-07-12,5,1.0,5,3,5,14,3.0,22,28,58,6,11,3.0,11,0.0,7,20,7,58,3
2020-07-19,5,1.0,7,4,8,13,4.0,24,20,29,5,6,5.0,12,0.0,8,17,8,60,2
2020-07-26,11,1.0,7,5,14,20,3.0,25,22,30,9,6,7.0,19,0.0,9,18,8,61,2
2020-08-02,14,1.0,7,5,14,21,3.0,26,24,49,6,0,8.0,18,0.0,9,42,9,59,3
2020-08-09,10,0.0,8,3,11,17,3.0,23,44,100,5,19,13.0,15,0.0,10,43,9,56,2
2020-08-16,9,0.0,8,10,10,16,4.0,26,26,67,5,20,11.0,18,0.0,20,76,8,52,3
2020-08-23,7,0.0,6,3,7,14,5.0,27,18,35,4,18,10.0,13,0.0,31,46,8,48,3
2020-08-30,7,0.0,6,4,11,15,4.0,26,19,34,4,9,17.0,15,0.0,20,32,8,45,4
2020-09-06,6,0.0,5,4,8,14,3.0,34,14,25,4,23,9.0,12,0.0,14,17,8,44,2
2020-09-13,5,0.0,4,0,7,13,3.0,26,16,22,4,13,39.0,11,0.0,13,17,8,42,3
2020-09-20,5,0.0,7,3,6,11,3.0,22,16,26,4,12,20.0,10,0.0,11,18,7,40,3
2020-09-27,4,0.0,7,0,5,11,4.0,25,14,18,4,21,13.0,10,0.0,9,16,7,40,5
2020-10-04,5,0.0,4,4,5,11,2.0,26,12,16,3,11,11.0,9,0.0,9,18,7,37,4
2020-10-11,5,0.0,3,0,5,12,17.0,26,10,16,3,9,8.0,10,0.0,8,9,7,36,3
2020-10-18,5,0.0,3,0,6,16,11.0,32,12,18,3,0,7.0,14,0.0,10,22,7,34,5
2020-10-25,5,0.0,3,0,6,18,7.0,27,12,17,3,7,9.0,14,0.0,10,44,7,33,3
2020-11-01,5,0.0,3,0,7,19,4.0,29,13,17,3,8,7.0,13,0.0,9,38,7,26,3
2020-11-08,6,0.0,3,0,8,20,4.0,26,14,20,3,9,7.0,15,0.0,9,38,7,30,3
2020-11-15,15,0.0,5,0,10,27,4.0,30,16,26,4,0,9.0,29,0.0,11,35,7,30,6
2020-11-22,42,1.0,6,0,17,31,4.0,32,22,26,7,12,7.0,27,0.0,12,26,7,29,5
2020-11-29,22,0.0,4,0,13,25,4.0,30,16,21,5,0,6.0,21,0.0,10,19,7,30,5
2020-12-06,20,0.0,4,0,9,21,9.0,32,15,18,4,5,7.0,19,0.0,10,24,7,39,6
2020-12-13,22,1.0,4,0,13,33,7.0,53,18,20,5,10,8.0,28,0.0,13,24,7,34,2
2020-12-20,45,2.0,5,0,13,35,5.0,39,20,26,5,6,9.0,41,0.0,12,21,6,31,5
2020-12-27,45,3.0,6,0,23,52,7.0,64,23,34,9,7,12.0,51,1.0,39,22,8,40,6
2021-01-03,39,6.0,11,0,59,86,7.0,72,33,50,17,14,12.0,100,0.0,42,37,9,39,5
2021-01-10,22,3.0,8,3,48,83,7.0,65,28,51,13,0,11.0,70,1.0,62,34,7,39,5
2021-01-17,20,2.0,8,5,39,50,7.0,54,29,57,13,5,14.0,50,1.0,77,39,7,42,6
2021-01-24,26,54.0,10,0,37,49,6.0,50,27,51,10,8,23.0,45,1.0,43,26,7,38,5
2021-01-31,72,41.0,15,5,45,42,9.0,52,32,50,25,14,29.0,53,2.0,73,45,8,43,5
2021-02-07,38,50.0,25,8,54,76,26.0,75,55,65,52,36,28.0,81,5.0,73,83,8,53,8
2021-02-14,36,22.0,25,0,51,76,16.0,100,45,65,46,30,28.0,94,12.0,94,71,8,68,13
2021-02-21,39,13.0,23,9,51,81,8.0,77,34,48,66,19,21.0,74,9.0,87,46,10,65,5
2021-02-28,19,8.0,16,7,34,52,8.0,61,26,41,66,18,19.0,49,8.0,53,93,9,58,7
2021-03-07,18,9.0,25,11,37,52,8.0,56,26,46,41,18,26.0,56,9.0,49,99,9,56,13
2021-03-14,17,8.0,33,14,31,52,28.0,62,24,45,63,22,31.0,49,15.0,46,63,8,55,8
2021-03-21,23,5.0,27,9,27,45,36.0,53,24,31,41,15,34.0,37,17.0,38,46,8,54,10
2021-03-28,21,6.0,32,10,35,45,100.0,64,29,37,35,23,38.0,43,20.0,55,48,11,60,12
2021-04-04,70,6.0,42,7,35,40,49.0,64,42,39,35,29,24.0,54,23.0,48,52,11,69,7
2021-04-11,100,74.0,43,10,46,53,35.0,84,44,64,51,37,32.0,83,26.0,53,63,12,89,8
2021-04-18,55,70.0,43,10,48,68,27.0,96,38,48,43,23,37.0,71,83.0,50,45,14,97,4
2021-04-25,50,32.0,38,10,48,49,21.0,76,32,42,44,20,32.0,55,56.0,45,41,22,76,7
2021-05-02,55,93.0,55,11,94,43,25.0,88,43,70,59,20,55.0,91,60.0,56,50,18,83,7
2021-05-09,48,100.0,83,5,100,58,24.0,91,42,58,100,19,100.0,90,100.0,62,52,19,100,6
2021-05-16,48,44.0,42,8,89,100,21.0,89,37,48,95,27,42.0,71,53.0,54,47,22,79,6
2021-05-23,35,27.0,29,6,70,68,17.0,66,29,45,56,35,27.0,58,31.0,44,32,15,73,7
2021-05-30,27,23.0,23,10,48,49,18.0,57,22,31,48,32,24.0,37,26.0,39,29,15,70,4
2021-06-06,21,16.0,18,7,40,53,12.0,51,25,27,32,18,21.0,28,25.0,30,21,16,71,6
2021-06-13,16,11.0,17,0,32,39,10.0,50,20,23,27,17,18.0,24,27.0,35,22,14,65,5
2021-06-20,18,17.0,14,0,39,50,10.0,55,23,25,28,12,16.0,28,21.0,33,15,13,67,6
2021-06-27,14,11.0,15,0,31,35,8.0,51,19,20,23,12,18.0,23,22.0,27,13,13,64,7
2021-07-04,13,9.0,21,0,29,30,6.0,44,16,20,22,15,19.0,19,27.0,24,16,12,70,6
2021-07-11,12,8.0,17,4,25,28,5.0,36,15,18,19,13,18.0,18,20.0,22,19,11,69,3
2021-07-18,13,9.0,14,0,29,33,5.0,33,15,18,19,9,14.0,21,20.0,24,11,12,68,5
2021-07-25,19,7.0,18,14,32,38,6.0,37,14,22,21,11,17.0,21,22.0,24,15,12,74,8
2021-08-01,15,6.0,20,8,44,33,7.0,39,18,24,23,8,18.0,21,21.0,32,17,12,68,6
2021-08-08,28,9.0,24,12,44,35,8.0,39,17,24,54,18,19.0,27,22.0,33,21,13,68,6
2021-08-15,30,10.0,30,49,36,32,8.0,40,22,24,60,15,18.0,29,25.0,39,40,35,69,5
2021-08-22,22,7.0,36,29,32,32,10.0,48,47,23,84,20,19.0,23,27.0,36,39,33,67,9
2021-08-29,23,6.0,34,35,40,27,10.0,42,54,25,66,35,20.0,27,28.0,43,27,74,62,10
2021-09-05,25,6.0,39,49,38,38,21.0,41,43,33,64,15,20.0,30,24.0,38,28,94,60,32
2021-09-12,18,5.0,34,27,28,27,10.0,37,59,23,62,22,18.0,32,27.0,39,20,68,60,16
2021-09-19,17,5.0,28,22,31,32,11.0,37,47,21,44,10,15.0,23,28.0,31,23,42,61,12
2021-09-26,15,4.0,28,11,27,28,13.0,33,38,23,33,17,18.0,19,23.0,27,12,33,59,8
2021-10-03,19,6.0,41,23,31,32,11.0,37,55,22,32,10,22.0,23,30.0,31,22,41,59,7
2021-10-10,20,6.0,40,26,33,36,11.0,41,39,24,31,18,26.0,25,40.0,57,21,38,64,10
2021-10-17,18,6.0,46,18,41,45,12.0,40,29,28,34,14,27.0,29,37.0,49,23,47,62,8
2021-10-24,20,11.0,82,26,38,37,13.0,42,33,30,36,9,56.0,25,69.0,43,27,52,65,15
2021-10-31,25,8.0,100,34,42,32,16.0,40,31,28,36,16,58.0,25,77.0,100,76,64,72,11
2021-11-07,26,7.0,97,24,46,37,14.0,50,32,33,42,11,49.0,49,67.0,87,37,77,69,10
2021-11-14,19,5.0,78,14,41,36,10.0,56,30,25,31,11,39.0,33,63.0,55,38,57,64,29
2021-11-21,17,5.0,77,15,37,35,11.0,49,24,24,39,12,28.0,26,56.0,45,46,50,64,66
2021-11-28,18,5.0,81,18,42,35,12.0,45,35,23,37,13,24.0,25,58.0,45,86,57,66,46
2021-12-05,18,5.0,50,18,37,39,12.0,44,53,26,31,7,20.0,26,41.0,40,36,48,63,32
2021-12-12,19,8.0,49,18,34,34,9.0,39,31,20,25,6,21.0,21,42.0,39,28,46,60,29
2021-12-19,22,5.0,47,21,31,32,10.0,39,25,18,27,14,23.0,22,39.0,45,39,44,59,26
2021-12-26,16,5.0,48,22,31,29,11.0,44,25,21,24,14,25.0,22,42.0,43,50,44,70,55
2022-01-02,16,5.0,67,26,39,41,16.0,54,38,38,28,11,28.0,22,57.0,49,62,61,84,49
2022-01-09,14,8.0,58,22,37,37,11.0,52,38,32,27,9,21.0,22,47.0,44,42,55,87,100
2022-01-16,13,7.0,47,24,35,40,12.0,52,30,24,45,7,19.0,23,46.0,39,37,59,75,48
2022-01-23,13,7.0,49,21,46,53,12.0,50,28,24,31,11,18.0,22,38.0,47,29,65,79,44
2022-01-30,12,5.0,45,16,38,38,9.0,48,46,22,27,8,17.0,22,32.0,36,30,60,79,33
2022-02-06,20,5.0,48,16,34,38,11.0,50,100,20,26,8,20.0,20,35.0,37,31,50,80,36
2022-02-13,16,4.0,40,15,30,31,9.0,51,44,19,22,6,15.0,17,31.0,30,18,43,76,30
2022-02-20,15,4.0,36,9,32,41,8.0,48,39,19,25,8,13.0,20,24.0,28,25,44,74,34
2022-02-27,13,3.0,37,12,28,36,8.0,50,26,19,20,7,13.0,18,20.0,31,19,40,70,28
2022-03-06,14,3.0,35,8,25,31,8.0,53,30,16,19,6,12.0,17,19.0,26,15,35,71,25
2022-03-13,13,3.0,33,9,22,29,10.0,47,31,19,18,8,14.0,16,18.0,26,19,34,63,26
2022-03-20,14,3.0,35,13,26,26,11.0,43,31,20,27,14,14.0,19,20.0,28,32,37,63,22
2022-03-27,14,3.0,45,6,29,30,18.0,47,30,22,26,14,17.0,18,23.0,31,32,51,60,21
2022-04-03,11,4.0,47,8,23,26,10.0,46,27,17,21,13,13.0,16,18.0,30,22,45,61,26
2022-04-10,12,3.0,38,6,23,25,9.0,50,22,17,17,5,12.0,15,16.0,27,22,40,59,18
2022-04-17,11,3.0,36,5,19,22,11.0,56,21,18,16,14,13.0,14,19.0,27,32,39,60,16
2022-04-24,10,5.0,34,5,18,23,10.0,48,21,17,17,9,12.0,13,19.0,25,25,42,58,24
2022-05-01,9,3.0,35,5,20,24,11.0,46,23,18,17,6,13.0,14,15.0,25,17,43,58,18
2022-05-08,13,5.0,72,6,35,54,11.0,51,25,24,24,7,13.0,19,16.0,31,21,53,62,19
2022-05-15,10,3.0,44,5,24,38,8.0,44,19,18,19,6,9.0,15,13.0,24,21,43,55,25
2022-05-22,8,3.0,59,4,22,29,7.0,43,20,15,15,5,9.0,14,12.0,23,18,38,58,19
2022-05-29,8,2.0,47,0,20,27,8.0,38,20,16,18,8,9.0,12,11.0,19,21,47,56,17
2022-06-05,8,2.0,32,4,20,24,7.0,34,18,20,18,8,9.0,12,10.0,19,25,35,56,15
2022-06-12,11,4.0,31,3,45,63,7.0,42,21,20,19,6,8.0,17,9.0,23,14,38,57,14
2022-06-19,9,4.0,28,0,30,50,7.0,44,19,15,16,0,9.0,14,7.0,19,13,39,56,14
2022-06-26,8,3.0,35,0,24,37,7.0,35,20,16,13,7,8.0,12,8.0,22,13,30,54,11
2022-07-03,7,2.0,31,4,21,33,6.0,35,19,13,12,0,8.0,11,7.0,19,15,27,57,8
2022-07-10,8,2.0,25,4,20,30,7.0,35,22,13,11,5,9.0,10,6.0,20,18,25,55,11
2022-07-17,10,2.0,27,0,28,31,7.0,34,19,13,14,7,9.0,12,7.0,23,14,29,57,11
2022-07-24,8,2.0,29,0,23,26,10.0,33,18,13,13,0,9.0,11,6.0,25,16,25,54,16
2022-07-31,8,2.0,25,4,22,24,19.0,32,19,13,11,6,8.0,10,7.0,22,14,35,52,18
2022-08-07,7,2.0,25,4,25,22,10.0,36,19,15,13,10,8.0,11,8.0,21,16,25,53,19
2022-08-14,8,2.0,26,0,24,23,10.0,44,14,13,13,11,8.0,11,8.0,22,12,22,50,13
2022-08-21,8,2.0,23,0,21,22,9.0,33,19,12,11,8,8.0,10,7.0,18,11,21,48,11
2022-08-28,6,2.0,23,0,20,22,8.0,31,15,11,12,11,8.0,9,7.0,17,13,20,47,10
2022-09-04,7,1.0,28,8,22,22,8.0,29,16,12,12,7,7.0,9,6.0,17,18,21,41,10
2022-09-11,9,2.0,29,6,43,21,8.0,35,14,12,12,10,8.0,9,6.0,16,16,22,41,10
2022-09-18,24,2.0,24,5,24,23,8.0,36,13,12,14,0,7.0,10,6.0,17,20,21,45,10
2022-09-25,16,1.0,24,0,17,21,8.0,31,13,17,10,0,8.0,9,6.0,17,19,20,42,14
2022-10-02,14,1.0,20,3,14,19,6.0,30,12,15,9,5,7.0,8,6.0,16,16,17,43,13
2022-10-09,13,1.0,21,3,13,18,7.0,30,11,14,9,20,8.0,8,5.0,15,15,18,42,9
2022-10-16,11,1.0,20,4,12,16,6.0,28,12,12,11,8,9.0,7,5.0,16,18,17,40,10
2022-10-23,11,4.0,21,4,16,18,7.0,27,14,13,10,10,9.0,8,6.0,17,14,17,39,10
2022-10-30,13,7.0,23,4,16,18,8.0,23,14,14,11,8,9.0,11,7.0,18,24,21,43,12
2022-11-06,14,4.0,33,3,22,33,9.0,31,14,16,11,0,9.0,12,7.0,17,17,64,44,13
2022-11-13,14,3.0,26,3,18,30,9.0,33,16,15,12,0,10.0,11,6.0,16,19,38,39,10
2022-11-20,11,3.0,22,3,15,23,6.0,28,12,12,10,0,7.0,15,5.0,14,15,24,37,9
2022-11-27,11,3.0,31,3,13,21,7.0,30,10,14,8,0,8.0,11,5.0,14,17,18,37,7
2022-12-04,10,2.0,20,10,11,18,6.0,27,9,14,8,10,7.0,10,5.0,14,21,16,35,7
2022-12-11,10,2.0,16,11,12,19,10.0,28,13,11,9,0,9.0,9,4.0,13,20,17,39,9
2022-12-18,9,2.0,16,7,12,18,11.0,29,13,10,8,10,7.0,9,4.0,14,17,15,37,8
2022-12-25,10,2.0,16,4,11,18,7.0,22,12,10,8,6,6.0,10,4.0,14,14,26,39,9
2023-01-01,10,2.0,15,7,12,18,6.0,27,11,10,8,8,7.0,10,5.0,14,20,29,43,6
2023-01-08,11,2.0,20,30,14,20,7.0,27,12,10,12,48,8.0,12,6.0,16,40,30,48,9
2023-01-15,11,2.0,21,21,16,24,10.0,28,13,13,10,42,8.0,12,6.0,17,34,29,46,12
2023-01-22,11,2.0,20,18,14,22,9.0,27,12,11,11,38,8.0,10,5.0,16,47,22,44,12
2023-01-29,11,2.0,22,16,14,21,8.0,28,13,11,12,39,9.0,13,6.0,17,40,20,46,8
2023-02-05,9,2.0,23,48,12,18,7.0,24,10,12,9,100,10.0,11,6.0,17,59,17,46,14
2023-02-12,9,2.0,25,21,13,19,12.0,25,11,11,9,40,10.0,10,6.0,16,37,17,44,14
2023-02-19,8,2.0,23,20,12,19,18.0,25,18,12,8,29,9.0,9,7.0,17,34,22,46,10
2023-02-26,8,1.0,20,14,11,18,10.0,22,13,11,8,37,9.0,8,6.0,16,21,17,44,13
2023-03-05,10,1.0,22,12,11,18,9.0,22,10,10,7,28,9.0,9,5.0,18,32,17,45,9
2023-03-12,11,2.0,21,13,15,27,14.0,27,10,11,8,34,9.0,10,5.0,16,30,17,43,10
2023-03-19,23,1.0,23,10,15,26,9.0,27,8,13,9,24,12.0,10,5.0,16,24,17,46,10
2023-03-26,30,1.0,21,12,12,24,8.0,33,10,11,9,22,10.0,11,6.0,15,27,15,44,6
2023-04-02,19,8.0,19,9,13,21,8.0,26,10,12,8,12,11.0,9,6.0,16,25,14,44,9
2023-04-09,17,3.0,23,11,18,25,8.0,28,9,14,12,10,10.0,10,7.0,16,20,20,45,9
2023-04-16,15,2.0,38,17,15,22,7.0,28,9,14,9,20,15.0,10,6.0,14,25,18,46,9
2023-04-23,13,2.0,24,13,12,21,7.0,22,7,12,8,18,12.0,9,7.0,15,21,16,43,8
2023-04-30,11,1.0,23,9,11,19,6.0,23,8,11,7,17,22.0,8,8.0,15,18,14,43,6
2023-05-07,11,1.0,19,8,11,19,5.0,25,8,11,7,18,19.0,9,9.0,14,19,14,42,7
2023-05-14,12,1.0,17,13,9,16,6.0,23,8,10,7,10,14.0,10,7.0,13,14,14,42,5
2023-05-21,11,1.0,15,8,9,16,5.0,21,10,10,7,17,13.0,10,6.0,13,17,14,43,6
2023-05-28,17,1.0,17,8,10,17,5.0,23,9,10,7,19,11.0,10,6.0,13,35,14,45,7
2023-06-04,19,1.0,18,8,10,19,7.0,23,8,13,11,18,9.0,10,5.0,13,22,17,48,8
2023-06-11,22,1.0,17,5,10,19,5.0,24,8,13,9,11,10.0,10,5.0,15,29,18,47,6
2023-06-18,17,1.0,18,9,11,21,5.0,23,8,11,8,18,9.0,11,4.0,15,18,13,47,7
2023-06-25,14,1.0,20,6,10,20,5.0,27,8,11,8,11,9.0,13,5.0,16,15,15,51,7
2023-07-02,13,1.0,18,6,10,19,6.0,23,9,11,8,11,9.0,16,5.0,15,25,17,52,7
2023-07-09,63,1.0,22,9,10,20,5.0,24,9,12,9,17,9.0,13,5.0,15,23,22,55,6
2023-07-16,52,1.0,18,8,10,19,5.0,25,9,19,8,14,10.0,12,4.0,17,13,18,54,6
2023-07-23,29,2.0,18,5,9,17,5.0,24,8,14,7,13,10.0,12,5.0,17,11,15,52,7
2023-07-30,24,1.0,16,5,8,17,5.0,24,8,11,7,11,10.0,17,5.0,17,12,15,52,8
2023-08-06,21,1.0,15,4,8,17,4.0,25,9,11,7,9,10.0,9,5.0,15,12,15,53,5
2023-08-13,22,1.0,14,5,9,19,5.0,24,8,11,7,9,10.0,10,5.0,14,15,15,49,7
2023-08-20,17,1.0,13,8,8,18,5.0,24,8,10,6,8,9.0,9,4.0,13,14,15,45,5
2023-08-27,16,1.0,13,8,8,19,4.0,25,8,12,7,9,8.0,9,4.0,13,10,14,43,6
2023-09-03,13,1.0,12,7,8,17,4.0,24,7,12,7,11,8.0,7,3.0,13,10,16,41,6
2023-09-10,14,1.0,11,3,7,16,4.0,22,6,11,6,9,6.0,8,4.0,13,12,15,41,5
2023-09-17,14,1.0,12,5,7,16,4.0,23,6,14,6,9,6.0,8,3.0,14,17,13,42,5
2023-09-24,15,1.0,12,5,7,15,3.0,22,7,17,6,7,7.0,7,3.0,12,10,12,42,6
2023-10-01,16,1.0,11,4,7,16,4.0,23,9,15,7,9,7.0,8,3.0,12,15,16,41,7
2023-10-08,13,1.0,13,0,7,15,4.0,21,7,11,6,5,6.0,7,3.0,12,14,13,39,7
2023-10-15,16,1.0,12,5,8,18,4.0,21,6,14,7,0,7.0,7,3.0,13,12,18,38,8
2023-10-22,21,1.0,16,11,11,26,5.0,24,8,28,8,15,8.0,9,3.0,16,20,24,40,7
2023-10-29,25,1.0,16,12,10,21,5.0,24,7,19,9,8,9.0,8,4.0,15,30,38,36,9
2023-11-05,38,1.0,19,10,13,23,6.0,27,8,35,13,13,10.0,9,5.0,18,31,40,38,9
2023-11-12,25,1.0,19,7,12,21,8.0,26,9,23,10,14,10.0,9,4.0,18,22,43,38,10
2023-11-19,19,1.0,20,18,11,20,5.0,28,7,18,9,12,11.0,8,4.0,15,25,32,40,9
2023-11-26,18,1.0,18,10,11,20,4.0,25,8,21,9,23,10.0,8,4.0,15,27,31,39,11
2023-12-03,24,3.0,27,16,17,30,8.0,28,9,25,20,20,13.0,11,5.0,22,27,45,37,8
2023-12-10,20,2.0,26,17,13,24,7.0,25,8,20,19,16,13.0,9,5.0,20,20,47,37,9
2023-12-17,18,1.0,27,12,12,24,7.0,27,8,17,15,14,13.0,10,6.0,21,22,72,38,12
2023-12-24,20,1.0,25,18,13,22,9.0,26,10,20,15,22,13.0,10,7.0,27,25,96,51,18
2023-12-31,20,1.0,26,12,13,29,13.0,29,7,18,13,17,12.0,10,6.0,21,28,56,51,15
2024-01-07,21,2.0,25,11,20,41,9.0,31,8,17,14,17,11.0,11,5.0,22,17,48,48,11
2024-01-14,15,1.0,21,8,14,25,6.0,30,8,18,9,17,12.0,9,5.0,19,17,44,50,7
2024-01-21,14,1.0,18,10,11,23,6.0,28,6,18,9,15,11.0,8,5.0,17,17,41,51,9
2024-01-28,13,1.0,21,10,10,19,6.0,30,6,21,9,11,11.0,8,5.0,16,17,47,53,9
2024-02-04,13,1.0,19,12,11,20,6.0,63,8,26,9,18,12.0,8,4.0,16,16,45,55,16
2024-02-11,16,1.0,22,14,15,29,7.0,40,8,26,11,28,12.0,10,4.0,18,24,44,51,15
2024-02-18,14,1.0,28,49,16,22,19.0,37,8,21,11,61,19.0,9,6.0,19,52,36,56,12
2024-02-25,23,4.0,36,54,26,42,15.0,40,12,26,18,63,20.0,14,7.0,26,47,54,58,17
2024-03-03,25,6.0,46,100,30,50,20.0,42,14,28,21,68,30.0,18,10.0,34,69,73,62,18
2024-03-10,29,4.0,43,50,29,50,14.0,39,10,26,18,52,23.0,17,12.0,32,55,94,63,16
2024-03-17,20,3.0,35,45,22,38,12.0,35,8,21,13,37,20.0,12,8.0,26,46,100,58,8
2024-03-24,18,5.0,61,68,17,32,12.0,37,8,20,11,59,24.0,15,9.0,24,100,74,55,12
2024-03-31,16,3.0,32,38,14,30,8.0,34,7,17,10,30,23.0,15,7.0,20,46,71,55,9
2024-04-07,16,3.0,26,29,15,30,8.0,31,8,17,11,20,25.0,12,6.0,20,35,66,58,8
