Timestamp, TransactionVolumeUSD,TransactionCount
1619740800000,8038587266.25454,638025558
1619827200000,3347043374.86941,638316363
1619913600000,2991270138.38922,638578365
1620000000000,5954769584.49245,638812283
1620086400000,7698193443.31012,639099421
1620172800000,6381517581.40307,639401160
1620259200000,7566141015.08991,639710395
1620345600000,9703541846.82562,640021479
1620432000000,4620961715.68185,640329696
1620518400000,5388114089.55138,640605777
1620604800000,8099530690.21961,640852263
1620691200000,6620873679.22107,641155987
1620777600000,12953414263.3473,641468246
1620864000000,11355681895.5172,641770051
1620950400000,7906534590.26676,642045750
1621036800000,4191692549.23903,642312383
1621123200000,5725518842.77377,642542665
1621209600000,10100167444.6496,642762772
1621296000000,6401432361.18245,643014160
1621382400000,14642615897.1991,643235634
1621468800000,12059107969.1117,643498821
1621555200000,7317126300.49507,643726741
1621641600000,5042562364.37907,643953439
1621728000000,4450529580.04713,644175796
1621814400000,7207897767.57734,644370643
1621900800000,6201345379.02111,644605027
1621987200000,5744713581.12687,644838441
1622073600000,4886792807.59923,645069798
1622160000000,5453824455.07165,645284958
1622246400000,3534235035.74776,645503002
1622332800000,2229477248.09923,645699597
1622419200000,3294970505.35565,645880503
1622505600000,5421714885.34299,646108031
1622592000000,3845016656.31391,646341383
1622678400000,4080204482.21367,646592644
1622764800000,3411600139.25647,646848409
1622851200000,2192085664.63277,647083101
1622937600000,1550993266.22259,647278422
1623024000000,3987593296.66899,647463939
1623110400000,4855389937.57324,647700446
1623196800000,4061991299.68948,647947463
1623283200000,4643427946.04325,648157218
1623369600000,3501716416.13394,648410825
1623456000000,2153678028.59554,648626928
1623542400000,1539743948.27805,648849545
1623628800000,4973233612.97694,649035665
1623715200000,4080041045.17314,649279717
1623801600000,3918231599.12631,649521585
1623888000000,3458321392.27741,649773823
1623974400000,5151710129.431,650012711
1624060800000,2186838846.13502,650235583
1624147200000,2162759239.61247,650422399
1624233600000,4751842584.48907,650588114
1624320000000,4882368443.93483,650795691
1624406400000,4386486291.1061,650991516
1624492800000,3876348202.43093,651223014
1624579200000,4356792800.44263,651455712
1624665600000,2331345211.28106,651675788
1624752000000,2112213965.63029,651856510
1624838400000,3708117939.57603,651981788
1624924800000,3300219147.37765,652197629
1625011200000,3725912659.90572,652404292
1625097600000,3625272212.81946,652624360
1625184000000,4454956968.42674,652854116
1625270400000,1526282960.71795,653042218
1625356800000,1515363756.63947,653279360
1625443200000,2169927055.33841,653451532
1625529600000,2346543660.26668,653673733
1625616000000,2415077701.78748,653903642
1625702400000,3349209076.66244,654124289
1625788800000,2552942232.96359,654355373
1625875200000,1104335807.31312,654582886
1625961600000,1361224001.42966,654771435
1626048000000,3530030646.39823,654935868
1626134400000,2583990657.51436,655156548
1626220800000,2847291324.21106,655386017
1626307200000,3546057522.3192,655622671
1626393600000,2855123418.4177,655849251
1626480000000,4054713463.0522,656072799
1626566400000,1052594971.18172,656254434
1626652800000,2991573664.25331,656415864
1626739200000,2934190502.64896,656643325
1626825600000,3408086708.75293,656874059
1626912000000,2584131350.75641,657109150
1626998400000,2519917919.13272,657337950
1627084800000,1689884089.633,657569543
1627171200000,1824435371.47488,657766748
1627257600000,8661331075.28648,657942003
1627344000000,7345558779.50866,658205231
1627430400000,6002881501.15143,658459857
1627516800000,8710173273.90752,658711559
1627603200000,3645326210.34228,658974861
1627689600000,1924780316.63581,659229273
1627776000000,1721720041.22524,659435583
1627862400000,3383600749.15966,659622688
1627948800000,3774291695.67858,659860461
1628035200000,4094514095.09581,660107555
1628121600000,3189301462.82045,660346520
1628208000000,4463338799.73151,660593281
1628294400000,2198372699.57769,660852954
1628380800000,2863365745.22303,661064716
1628467200000,6121383053.70514,661257949
1628553600000,4488621499.91648,661511165
1628640000000,5806136771.04314,661772097
1628726400000,3433253898.45659,662033750
1628812800000,3855116852.54392,662284957
1628899200000,3157295026.04492,662545400
1628985600000,2430142554.50824,662755371
1629072000000,4336625433.37535,662939313
1629158400000,2915373923.3781,663203487
1629244800000,4267113160.59662,663462188
1629331200000,3132624120.66025,663709392
1629417600000,5683508929.50464,663963239
1629504000000,4007697514.47929,664234090
1629590400000,1549564156.31423,664453353
1629676800000,5800342005.26815,664644720
1629763200000,4160097929.57342,664916119
1629849600000,6052791787.80458,665178657
1629936000000,5354725344.59374,665441225
1630022400000,2921974573.37605,665701204
1630108800000,1828986483.55794,665956851
1630195200000,1649218799.64692,666176305
1630281600000,3839205627.5426,666367389
1630368000000,4079243403.91114,666619469
1630454400000,5449363613.81348,666890642
1630540800000,6517047229.25314,667169954
1630627200000,4887254784.2218,667459991
1630713600000,2397543151.02044,667743869
1630800000000,1996712056.71627,667972672
1630886400000,4374020789.21258,668178140
1630972800000,7058595281.00816,668445953
1631059200000,4580072991.34773,668723257
1631145600000,5369011441.33374,668994033
1631232000000,6739492372.85368,669268179
1631318400000,1962148896.90975,669529572
1631404800000,1526288179.04318,669747193
1631491200000,4380249885.69559,669940561
1631577600000,4477699681.24284,670195353
1631664000000,3796133575.79561,670463218
1631750400000,4153268623.60512,670732475
1631836800000,3314093143.01191,671003106
1631923200000,1874207408.52001,671275196
1632009600000,1797162881.96769,671504021
1632096000000,5693199638.62035,671703920
1632182400000,3816937965.82339,671973190
1632268800000,3589501923.12876,672217715
1632355200000,3583461959.84344,672493411
1632441600000,4656807424.15887,672762994
1632528000000,1498517647.71646,673038705
1632614400000,2604107988.96477,673252795
1632700800000,3527097521.66913,673447444
1632787200000,3691508332.49797,673704702
1632873600000,3012885641.91553,673966602
1632960000000,4504376486.98476,674209251
1633046400000,4232654754.30839,674501306
1633132800000,3853142042.52005,674778798
1633219200000,1994398643.27951,675039180
1633305600000,4985789606.15352,675257144
1633392000000,5416025038.27413,675526340
1633478400000,6336189181.68471,675838634
1633564800000,7063813953.37082,676106824
1633651200000,6223589466.50517,676432081
1633737600000,2464860372.56715,676711778
1633824000000,2347027649.36144,676957681
1633910400000,5135609835.39579,677169661
1633996800000,6366837726.36694,677448946
1634083200000,4979962944.73059,677722995
1634169600000,5891473872.45907,678012452
1634256000000,8109890836.89552,678293951
1634342400000,4071153200.68119,678594018
1634428800000,2583118319.77049,678863878
1634515200000,6507541620.99059,679078376
1634601600000,7660166168.94856,679364585
1634688000000,8272914781.25176,679675451
1634774400000,10401915938.6658,679968054
1634860800000,6910857031.20081,680289705
1634947200000,2756385871.75995,680574777
1635033600000,3236266687.87158,680801042
1635120000000,5639331920.89431,681011310
1635206400000,4843465176.66553,681295966
1635292800000,6142467781.29035,681590310
1635379200000,6817487230.17918,681881744
1635465600000,9086217833.39529,682178224
1635552000000,3024703684.48109,682483941
1635638400000,3075083985.18067,682735438
1635724800000,7239359626.76249,682953398
1635811200000,8525610065.69227,683245545
1635897600000,7935879531.75071,683543364
1635984000000,4812348605.69165,683832665
1636070400000,6435250914.31552,684121357
1636156800000,2757510648.1908,684407204
1636243200000,2452500859.51134,684643649
1636329600000,7868335326.84957,684868357
1636416000000,8511741829.84553,685155107
1636502400000,6732821875.94763,685491179
1636588800000,5229229610.49169,685791815
1636675200000,6291969519.7707,686086029
1636761600000,2739693247.99537,686368434
1636848000000,2187474680.91187,686607289
1636934400000,5704920149.17902,686829559
1637020800000,10498129183.5208,687119382
1637107200000,7480898358.62973,687421128
1637193600000,10213009488.7711,687711077
1637280000000,6049553192.98817,688004340
1637366400000,2884513913.26069,688289612
1637452800000,2590670066.78548,688539230
1637539200000,7023168183.00144,688760523
1637625600000,6167254618.96902,689041122
1637712000000,5700109165.1673,689325014
1637798400000,8960165966.46916,689623429
1637884800000,11684205362.3192,689910328
1637971200000,2469579561.40877,690203504
1638057600000,1876057612.13359,690442755
1638144000000,7530278019.94183,690658593
1638230400000,6028906432.16146,690959249
1638316800000,8653248451.14843,691253908
1638403200000,7681001473.68292,691541831
1638489600000,5995006290.50222,691856000
1638576000000,7581447200.45481,692145255
1638662400000,3421960961.39787,692397157
1638748800000,7568392055.44813,692614251
1638835200000,6656838608.23997,692898231
1638921600000,6017762761.47131,693186796
1639008000000,7507375135.42746,693453753
1639094400000,4646748174.12211,693736445
1639267200000,1275484167.48946,694005972
1639353600000,4853087723.23449,694231777
1639440000000,4698418162.43944,694448559
1639526400000,3686557930.09791,694725859
1639612800000,4310775515.15058,695004157
1639699200000,4982379395.59907,695285558
1639785600000,2953090166.83845,695541831
1639872000000,1192663841.01078,695805675
1639958400000,5179702380.91186,696043039
1640131200000,4726284070.96699,696251416
1640217600000,6161478519.53081,696517706
1640390400000,5400013382.06808,696822277
1640476800000,1467023519.27845,697110260
1640563200000,4021079891.07363,697403366
1640649600000,4649088409.62079,697663726
1640736000000,6252375351.26755,697869915
1640822400000,4495058364.96732,698069683
1640908800000,8132766321.97992,698318287
1640995200000,2251115696.61498,698584885
1641081600000,1452133098.90649,698861383
1641168000000,2876707531.39802,699106307
1641254400000,6318179076.73624,699373861
1641340800000,4120168493.17436,699561779
1641427200000,6001701242.96966,699758373
1641513600000,5738802120.50183,699995245
1641600000000,1793479669.18524,700268469
1641686400000,1714179077.4364,700540294
1641772800000,4284557316.17896,700804672
1641859200000,5047411626.82485,701060121
1641945600000,4190460072.27562,701284673
1642032000000,4128979408.84638,701493950
1642118400000,4033611360.88006,701761947
1642204800000,1544258174.20228,702040529
1642291200000,1212228816.93491,702312053
1642377600000,3617010045.45154,702585662
1642464000000,3467788987.63118,702855456
1642550400000,6283645420.73332,703090105
1642636800000,4889817377.07639,703305976
1642723200000,9008771354.63786,703565724
1642809600000,5255522709.505,703830844
1642896000000,2570198094.10602,704099618
1642982400000,7041455187.92201,704372101
1643068800000,4793129267.31692,704643270
1643155200000,4724487375.56417,704893827
1643241600000,5371981515.8752,705098842
1643328000000,4157373396.26087,705368879
1643414400000,4795236874.61953,705634659
1643500800000,6463007675.5186,705895543
1643587200000,4888913631.25714,706150299
1643673600000,8106321716.42682,706415305
1643760000000,2772975354.83629,706645954
1643846400000,3817962311.61686,706854417
1643932800000,4038621760.8624,707116297
1644019200000,3223821586.26024,707389701
1644105600000,1779702571.4899,707668143
1644192000000,5383799346.89429,707934638
1644278400000,5859754859.50221,708182519
1644364800000,3696031097.59325,708441033
1644451200000,5445221748.90868,708659645
1644537600000,6311800630.98844,708921648
1644624000000,2253577642.10285,709198351
1644710400000,1353922240.45112,709464092
1644796800000,3738130873.14619,709726725
1644883200000,5996275894.1999,709983445
1644969600000,3802128926.7593,710212002
1645056000000,3727008285.93439,710422684
1645142400000,4086558916.78543,710669547
1645228800000,1623004423.92408,710943183
1645315200000,1468226673.05575,711209926
1645401600000,4035714191.61042,711465638
1645488000000,3543912810.25359,711725641
1645574400000,3017861449.21494,711946838
1645660800000,6195394916.86132,712147783
1645747200000,5331044431.49384,712385539
1645833600000,2407133265.96383,712644538
1645920000000,1844114530.60293,712896943
1646006400000,6046602126.39312,713150486
1646092800000,6893627293.51137,713411505
1646179200000,5450897868.43743,713632140
1646265600000,4573611315.37965,713842227
1646352000000,5677847228.45785,714113424
1646438400000,1614301923.46613,714393325
1646524800000,1221415770.83376,714682109
1646611200000,4567257671.42274,714951051
1646697600000,3918673432.20639,715213378
1646784000000,6199177258.92766,715437707
1646870400000,4863647840.94109,715644535
1646956800000,5267029596.14903,715900824
1647043200000,1419859005.35215,716156440
1647129600000,1439995804.80209,716429135
1647216000000,3127649162.23824,716690857
1647302400000,3536984794.92474,716942898
1647388800000,4560772406.06279,717168548
1647475200000,6626010100.10629,717375852
1647561600000,5901502528.2083,717636374
1647648000000,2228834886.15352,717900136
1647734400000,1286402952.14165,718176611
1647820800000,6292318394.14584,718453366
1647907200000,4455877254.22771,718715462
1647993600000,3963031462.5502,718958369
1648080000000,4246198423.51562,719169728
1648166400000,7477966817.12721,719427558
1648252800000,1885491261.55507,719693344
1648339200000,4081241680.31273,719957649
1648425600000,7054190211.62834,720221107
1648512000000,7432137463.1651,720511666
1648598400000,5223175410.29985,720741869
1648684800000,7725089743.26883,720960445
1648771200000,6420672356.96239,721252996
1648857600000,2491811084.63476,721541642
1648944000000,2061001713.01479,721813645
1649030400000,4927607024.26942,722092199
1649116800000,4109973025.18532,722377453
1649203200000,4973307102.46788,722631913
1649289600000,4397281337.29923,722855685
1649376000000,3214336086.83891,723132313
1649462400000,2025819116.58868,723405122
1649548800000,1859650890.18982,723679500
1649635200000,5145118168.09405,723947533
1649721600000,3550344586.31029,724215887
1649808000000,3702852305.15114,724448126
1649894400000,6126220619.59829,724664895
1649980800000,2508777341.19639,724941769
1650067200000,1777062284.07503,725219952
1650153600000,1246709618.61631,725497957
1650240000000,3262749299.0193,725761887
1650326400000,3752455855.79693,726018262
1650412800000,5390335872.44165,726243025
1650499200000,9221622580.08401,726450332
1650585600000,3034892219.6204,726696924
1650672000000,1324626784.01465,726970411
1650758400000,1742817144.39617,727255848
1650844800000,3754783006.17368,727537519
1650931200000,4582894825.06329,727798056
1651017600000,4169765279.27428,728034426
1651104000000,4742383660.07853,728255030
1651190400000,4937991047.84467,728533363
1651276800000,1835325492.47083,728806300
1651363200000,1690042804.59557,729093281
1651449600000,4705106674.73982,729368375
1651536000000,5567418515.40491,729657029
1651622400000,5527403781.56457,729917400
1651708800000,7042747167.16125,730149392
1651795200000,6460559731.28936,730420784
1651881600000,2176974949.92724,730700527
1651968000000,4391326158.68694,730932530
1652054400000,14932580725.7712,731248034
1652140800000,10996659378.4603,731534200
1652227200000,12212415420.4687,731767365
1652313600000,12591985211.0295,731999311
1652400000000,6761962664.73493,732280841
1652486400000,4499178550.73088,732560429
1652572800000,2364626051.31556,732821388
1652659200000,5806992357.10374,733096552
1652745600000,5663926191.59339,733366130
1652832000000,4686908961.00827,733656752
1652918400000,5002474733.2372,733892118
1653004800000,4929623686.81929,734166092
1653091200000,1464248134.88576,734444477
1653177600000,1693623105.04476,734706133
1653264000000,4939484942.5706,734968323
1653350400000,4517108862.02752,735236096
1653436800000,3514350504.72824,735459823
1653523200000,4044772416.69099,735669013
1653609600000,4870838399.66838,735935114
1653696000000,1523894827.33215,736170774
1653782400000,1417152774.22093,736459268
1653868800000,3565732409.56026,736721830
1653955200000,5263021003.39388,736992278
1654041600000,6314626333.18913,737219171
1654128000000,3618792850.87764,737427559
1654214400000,4251283075.09819,737699173
1654300800000,1757094779.00077,737975245
1654387200000,1540123226.99284,738246865
1654473600000,5095285503.61707,738511324
1654560000000,4259209247.74628,738780857
1654646400000,3082029799.737,738999111
1654732800000,4372610134.02439,739200594
1654819200000,4046793102.93968,739467966
1654905600000,2694837263.38402,739732562
1654992000000,3659361988.80071,739994750
1655078400000,12462579881.4456,740256447
1655164800000,10990569683.0833,740518133
1655251200000,9897143640.08374,740747464
1655337600000,7109991512.20353,740963749
1655424000000,7921356377.94612,741236316
1655510400000,8496328973.90211,741518838
1655596800000,3068667429.00611,741814913
1655683200000,3817198453.16647,742067898
1655769600000,4422516356.57225,742318103
1655856000000,4390329667.81197,742565442
1655942400000,3082609509.48481,742765560
1656028800000,4160260072.48079,743003721
1656115200000,1389427160.37049,743257597
1656201600000,858032632.798088,743511851
1656288000000,4634269413.10556,743767182
1656374400000,2917809496.02427,744021307
1656460800000,4029772477.07006,744239707
1656547200000,4201108881.34624,744445942
1656633600000,4546355473.61775,744704285
1656720000000,1297140271.58165,744954771
1656806400000,1321981862.83923,745218369
1656892800000,1972142139.00509,745490147
1656979200000,2225404516.18307,745762457
1657065600000,3265960864.01461,745997123
1657152000000,3226941641.14625,746202427
1657238400000,3453731278.2905,746444552
1657324800000,2217461123.42551,746690382
1657411200000,1077713609.74156,746956618
1657497600000,3083629594.64535,747238243
1657584000000,2693606547.08313,747506774
1657670400000,2383177233.73055,747727525
1657756800000,3350075175.69596,747926545
1657843200000,3883871138.00404,748155620
1657929600000,1392874214.33246,748431319
1658016000000,1903059654.77506,748655093
1658102400000,3392335964.21408,748940946
1658188800000,4686873167.75122,749210441
1658275200000,3376687092.87815,749436096
1658361600000,6542475947.19754,749638436
1658448000000,2968088068.90267,749887101
1658534400000,1605649425.59292,750167143
1658620800000,986955946.301432,750426780
1658707200000,2240841200.8566,750700258
1658793600000,2529268854.92978,750963692
1658880000000,2043786368.01846,751187330
1658966400000,3762271329.73706,751387915
1659052800000,3110903345.22987,751642569
1659139200000,1279164246.45614,751905467
1659225600000,1438862646.82712,752162205
1659312000000,2648018548.72098,752449831
1659398400000,2412379200.6058,752730809
1659484800000,2835680869.97369,752962724
1659571200000,2162588110.93892,753173035
1659657600000,2233455342.1279,753422774
1659744000000,861842752.57428,753688944
1659830400000,1123561072.30198,753971678
1659916800000,2294099110.48864,754251535
1660003200000,2572928084.47971,754520428
1660089600000,3582463514.51525,754755793
1660176000000,2882199944.24362,754954247
1660262400000,2439184815.06239,755209974
1660348800000,1386200465.25781,755465493
1660435200000,982849307.803612,755731059
1660521600000,2486543315.27268,756018367
1660608000000,2698602541.96885,756291263
1660694400000,2992025085.76349,756525197
1660780800000,2417721838.72455,756730186
1660867200000,3627489929.56127,756971951
1660953600000,946263990.646856,757246499
1661040000000,729684429.386712,757502485
1661126400000,2363547456.26537,757794683
1661212800000,1933412558.31106,758074323
1661299200000,1805257439.50203,758296866
1661385600000,2158452625.42847,758502298
1661472000000,2261441431.60862,758752152
1661558400000,1378816166.84165,759009330
1661644800000,846944690.488904,759266418
1661731200000,2049485398.24732,759526746
1661817600000,3088297716.03053,759789295
1661904000000,3158897967.28167,760014452
1661990400000,2826592301.64455,760215914
1662076800000,2841992710.12996,760469490
1662163200000,879894659.735098,760731943
1662249600000,1061944387.46218,760992653
1662336000000,2108564796.68187,761259557
1662422400000,3297609881.85563,761530106
1662508800000,2541455673.94192,761772636
1662595200000,2474305281.43422,761978316
1662681600000,3189528071.21136,762228247
1662768000000,1198401082.06385,762496181
1662854400000,1050210815.93108,762761055
1662940800000,2667188471.3044,763024820
1663027200000,3305786865.75754,763315950
1663113600000,2626909249.07871,763556398
1663200000000,2092789197.28239,763777130
1663286400000,1962561324.81988,764047893
1663372800000,1089606552.52097,764307002
1663459200000,807694674.971583,764576473
1663545600000,2970259317.42204,764855419
1663632000000,2717351706.33755,765115318
1663718400000,2239450838.18618,765362460
1663804800000,2210473679.63903,765575776
1663891200000,2446313226.40511,765828613
1663977600000,699317517.388679,766099303
1664064000000,817600603.254049,766360198
1664150400000,1851841537.49756,766605405
1664236800000,3180479746.76546,766886993
1664323200000,2710524700.14791,767115721
1664409600000,4122653170.85639,767326554
1664496000000,3332833908.45827,767587389
1664582400000,1129631640.29103,767858377
1664668800000,798931959.485916,768121601
1664755200000,2248298045.01808,768388327
1664841600000,2313129003.74991,768676279
1664928000000,2788889389.99689,768916830
1665014400000,2029020482.26716,769131230
1665100800000,2979008361.5674,769405147
1665187200000,891595342.279759,769683973
1665273600000,700741117.682691,769951277
1665360000000,1310563231.21627,770228799
1665446400000,2173820182.1836,770498567
1665532800000,2086811717.58819,770734933
1665619200000,2403635798.28111,770945823
1665705600000,2335762972.91162,771202786
1665792000000,946841174.67417,771470633
1665878400000,699358774.911964,771731999
1665964800000,2043650927.98714,772013936
1666051200000,2990446419.47577,772297921
1666137600000,2197621700.8878,772538971
1666224000000,1790440267.69693,772752138
1666310400000,1556397811.06047,773013007
1666396800000,986726492.560087,773270316
1666483200000,863875132.081952,773533756
1666569600000,1942021342.21471,773799157
1666656000000,2029922329.86047,774068083
1666742400000,4840001389.03085,774302087
1666828800000,2744026771.36712,774519334
1666915200000,2120803275.90588,774784045
1667001600000,1370810442.83559,775033812
1667088000000,862100447.192454,775339438
1667174400000,2733690209.97847,775607520
1667260800000,2591653015.96698,775889494
1667347200000,2385280093.31236,776142215
1667433600000,2064861958.30863,776364220
1667520000000,4952741205.33453,776649456
1667606400000,1405293791.17383,776924556
1667692800000,1500762814.55616,777182883
1667779200000,3854033179.22323,777479941
1667865600000,5247264405.26571,777761322
1667952000000,6268866124.60217,778017606
1668038400000,5450942995.33223,778241620
1668124800000,5098440479.49329,778505900
1668211200000,2961978333.852,778802280
1668297600000,1494812299.96614,779093802
1668384000000,4115043713.86736,779388225
1668470400000,2979130079.22017,779671535
1668556800000,3591834000.30839,779911639
1668643200000,3913955462.57479,780139335
1668729600000,6403239141.7431,780381627
1668816000000,1261281057.67912,780665460
1668902400000,1331263228.0855,780932509
1668988800000,2601329025.73566,781181771
1669075200000,2641080662.95416,781462506
1669161600000,3366476108.11941,781725443
1669248000000,1701790442.60464,781954122
1669334400000,2167501567.0761,782224535
1669420800000,1207868138.64608,782478943
1669507200000,928264619.52637,782751591
1669593600000,1617313064.30474,783006119
1669680000000,2334673188.7997,783266175
1669766400000,2125827290.73598,783494064
1669852800000,2626041872.05386,783718774
1669939200000,2203356246.45697,783981201
1670025600000,856618706.907711,784251765
1670112000000,808868574.848641,784523627
1670198400000,1873420426.62694,784809472
1670284800000,2437620395.86701,785080425
1670371200000,1442576449.62389,785331948
1670457600000,1933366648.38838,785550998
1670544000000,1768889805.8647,785824548
1670630400000,967835995.745073,786087477
1670716800000,751257988.415209,786358258
1670803200000,1766437843.06524,786623545
1670889600000,3045350290.46759,786890447
1670976000000,2247571820.51408,787130312
1671062400000,2424485872.21939,787349089
1671148800000,2247197492.06375,787611923
1671235200000,1383928648.55491,787897951
1671321600000,812377663.867145,788176380
1671408000000,1929149952.87658,788450877
1671494400000,2059242011.63628,788705807
1671580800000,2448023330.95108,788968409
1671667200000,1859348909.4231,789180235
1671753600000,1998836224.08761,789440528
1671840000000,1026982505.2745,789709787
1671926400000,567704284.870407,789982145
1672012800000,833385537.696262,790254461
1672099200000,1240817057.96414,790526993
1672185600000,1926197296.21234,790740923
1672272000000,2178953228.92929,790945257
1672358400000,3109838853.37934,791168987
1672444800000,1461649789.65539,791410511
1672531200000,960387891.218618,791683136
1672617600000,1181257420.67592,791948046
1672704000000,1935284430.57642,792239044
1672790400000,2477218555.08477,792482423
1672876800000,2113239373.45792,792669265
1672963200000,1512276042.48808,792897596
1673049600000,1008767780.08074,793170636
1673136000000,748656711.877336,793447471
1673222400000,1764693546.28644,793726799
1673308800000,1816231045.01111,794002725
1673395200000,1618746438.82689,794250302
1673481600000,2247438243.62971,794478869
1673568000000,2463264992.36218,794766348
1673654400000,2449748173.71101,795068665
1673740800000,1106496482.98097,795356525
1673827200000,2044631859.52556,795671180
1673913600000,2680237409.61165,795989059
1674000000000,2419845787.87262,796298027
1674086400000,2617650724.12363,796552123
1674172800000,2589324902.44403,796852917
1674259200000,2449265693.27771,797163078
1674345600000,1318419080.59055,797461667
1674432000000,2335670388.57623,797760662
1674518400000,2028801894.46441,798056938
1674604800000,2989378581.96753,798345709
1674691200000,2388161254.06064,798597007
1674777600000,2520965287.87458,798890639
1674864000000,1122025102.43687,799182569
1674950400000,1006418714.94069,799488687
1675036800000,2569567382.90755,799785583
1675123200000,2972667489.42258,800089575
1675209600000,2871126484.87575,800357660
1675296000000,2350568892.68753,800615901
1675382400000,2856768763.04971,800926516
1675468800000,1574648243.28489,801240421
1675555200000,893021547.415601,801584885
1675641600000,1897844366.31474,801925270
1675728000000,2043971490.01413,802240108
1675814400000,2023212584.03706,802545870
1675900800000,2624133093.69174,802799096
1675987200000,2821715858.04952,803102433
1676073600000,1616291509.31066,803403182
1676160000000,898974041.603617,803720433
1676246400000,2245943774.46971,804088128
1676332800000,2556253417.17654,804388388
1676419200000,2898459337.46184,804670112
1676505600000,3465947360.32891,804929889
1676592000000,2700502695.71315,805227917
1676678400000,1377296531.37233,805530828
1676764800000,1095518513.5468,805855534
1676851200000,1732893145.33265,806200626
1676937600000,2243262464.0773,806521292
1677024000000,2537535479.447,806797962
1677110400000,2319568505.89832,807038897
1677196800000,3264100602.06348,807309792
1677283200000,1260295667.75245,807599793
1677369600000,829030192.954924,807881918
1677456000000,2772708720.75699,808173143
1677542400000,3303380064.90555,808467041
1677628800000,3301347256.82351,808725421
1677715200000,2086533468.94662,809002849
1677801600000,2615790472.42038,809295737
1677888000000,1387147095.11079,809629214
1677974400000,1446601446.78756,810010220
1678060800000,2174309951.73332,810340150
1678147200000,3374322168.00471,810695222
1678233600000,3388596597.87694,811001988
1678320000000,3196734601.93302,811289555
1678406400000,3145620928.45179,811605022
1678492800000,2656253787.62112,811965659
1678579200000,1616901383.70188,812260069
1678665600000,4722952043.9297,812595941
1678752000000,5174879852.24378,812923956
1678838400000,3832195528.10455,813244464
1678924800000,3822620889.8654,813511507
1679011200000,5161878711.65665,813843741
1679097600000,2228054547.19785,814171122
1679184000000,2375622526.91043,814516177
1679270400000,4411638891.79038,814811431
1679356800000,2864598879.58407,815149954
1679443200000,4085982036.03502,815447189
1679529600000,4021952026.65987,815716535
1679616000000,3241169630.87574,816056486
1679702400000,1550482121.72675,816385478
1679788800000,984037172.658442,816682716
1679875200000,2566202032.42559,816977341
1679961600000,2928743459.53636,817270579
1680048000000,3259547576.28074,817561080
1680134400000,5441832858.28758,817821871
1680220800000,3688566063.99447,818118504
1680307200000,1343707941.93498,818436214
1680393600000,956580471.194993,818768099
1680480000000,2427314471.37941,819095504
1680566400000,3009364817.0054,819403518
1680652800000,3909874646.81429,819722669
1680739200000,2750821198.09169,820064718
1680825600000,1658809071.61789,820399089
1680912000000,904857861.154172,820819718
1680998400000,786257013.000649,821166189
1681084800000,3111868332.09102,821520305
1681171200000,5538417633.70272,821875041
1681257600000,5793871314.41077,822193825
1681344000000,3142733102.72237,822471618
1681430400000,3725625623.49713,822762593
1681516800000,1462605812.37448,823145541
1681603200000,1063225848.1657,823485760
1681689600000,3697555658.57642,823816597
1681776000000,2422892168.75593,824132174
1681862400000,2806672447.39501,824408659
1681948800000,4050944568.9313,824641493
1682035200000,3574778822.63955,824958649
1682121600000,1388897603.26607,825271146
1682208000000,1135637672.69803,825571350
1682294400000,2117557490.94983,825868575
1682380800000,2588478713.94961,826221143
1682467200000,2963529477.80701,826575648
1682553600000,2759095405.12197,827007672
1682640000000,2242009223.64352,827368933
1682726400000,1392685430.26446,827738062
1682812800000,930842814.825377,828175250
1682899200000,2578412163.43379,828594660
1682985600000,2767795701.605,829077303
1683072000000,2422988601.2612,829564098
1683158400000,2761594919.17689,830131943
1683244800000,2510385337.60272,830814053
1683331200000,1400151899.52263,831271254
1683417600000,6275070589.27798,831761978
1683504000000,2648208726.28181,832252641
1683590400000,2281077965.48769,832665349
1683676800000,3137536935.18725,833264393
1683763200000,2770395978.85696,833875260
1683849600000,3169630069.18997,834450375
1683936000000,991289460.954486,835047021
1684022400000,1215289911.13486,835719335
1684108800000,2763003238.26474,836265458
1684195200000,3008826127.9431,836775014
1684281600000,2465971974.35402,837351712
1684368000000,2512673144.64091,837983993
1684454400000,2554604959.73463,838508474
1684540800000,920228012.26493,839075171
1684627200000,791504500.900094,839657694
1684713600000,2534089158.36968,840134477
1684800000000,3180993164.42183,840649210
1684886400000,2711288352.17596,841074573
1684972800000,3373192745.05361,841560486
1685059200000,2636344924.85298,842061818
1685145600000,1428456846.37023,842579418
1685232000000,1186204873.24066,842984627
1685318400000,2564600223.94044,843445111
1685404800000,2717578997.35824,843977742
1685491200000,3431301491.79107,844449266
1685577600000,3687459597.72348,844944976
1685664000000,3105301689.67522,845495738
1685750400000,2070061018.04075,846010668
1685836800000,1576273013.61621,846432762
1685923200000,3039689264.92862,846787556
1686009600000,3081878129.93503,847267574
1686096000000,2879720193.29293,847649292
1686182400000,2955188802.92583,848012545
1686268800000,2312552076.43847,848371801
1686355200000,2299022634.9635,848834517
1686441600000,1835728223.47271,849267903
1686528000000,3092719402.6556,849675386
1686614400000,3067091259.73659,850061602
1686700800000,3287955132.69196,850426006
1686787200000,4099477121.13998,850826536
1686873600000,3776668075.90312,851197923
1686960000000,2175325693.61294,851607276
1687046400000,1950479880.79425,851937544
1687132800000,5228204127.28832,852362214
1687219200000,3897871059.86163,852874552
1687305600000,5891685868.36751,853349762
1687392000000,4476871257.39366,853788201
1687478400000,4295642711.51862,854204009
1687564800000,2769810821.7609,854652044
1687651200000,2222325691.74499,855016294
1687737600000,3515517320.66946,855407618
1687824000000,3548784761.57593,855781779
1687910400000,3880455108.00323,856142438
1687996800000,5186493187.03279,856526345
1688083200000,5253587194.57762,856929056
1688169600000,3141739113.85426,857363958
1688256000000,1946218416.83129,857696006
1688342400000,3558028612.12794,858133601
1688428800000,3086147729.65315,858579406
1688515200000,3050116810.12103,858904884
1688601600000,5006659381.3251,859212253
1688688000000,3087879872.86031,859541735
1688774400000,1730543820.3825,859921094
1688860800000,1716596079.87957,860413870
1688947200000,3569416296.33409,860806006
1689033600000,3194618002.53413,861362642
1689120000000,3887422552.20144,861935811
1689206400000,5521099980.43703,862529837
1689379200000,1748986507.88102,863037178
1689465600000,1455153738.18241,863470411
1689552000000,3277687845.72859,863950135
1689638400000,3782011843.93685,864323567
1689724800000,3888838289.88068,864745819
1689811200000,3231336979.02332,865230259
1689897600000,3344069486.29806,865825568
1689984000000,1233142619.42033,866253233
1690070400000,1331395491.40457,866836092
1690156800000,3158620784.68187,867317745
1690243200000,2621711162.04698,867718519
1690329600000,2649786000.86855,868041114
1690416000000,3329621508.95626,868330248
1690502400000,2970637148.34522,868888852
1690588800000,1601998854.38857,869420674
1690675200000,1385049778.45667,869881904
1690761600000,2707674657.11127,870335062
1690848000000,3311090305.86186,870747604
1690934400000,3452200381.96896,871197669
1691020800000,2401529886.0065,871620602
1691107200000,2095710323.80273,872266572
1691193600000,1458134945.49242,872712644
1691280000000,1225095930.10239,873123201
1691366400000,2995072045.8707,873515235
1691452800000,3023308596.41697,873990405
1691539200000,2775748042.43134,874309941
1691625600000,3177865892.36866,874810797
1691712000000,2809095913.57866,875417941
1691798400000,1359189797.01288,875844657
1691884800000,1306994332.91572,876176483
1691971200000,3301793396.57277,876683680
1692057600000,2891347381.94678,877040464
1692144000000,2674220840.08097,877547682
1692230400000,4488093404.19838,878051199
1692316800000,3939445599.5442,878550205
1692403200000,1189729725.01933,879116599
1692489600000,1116745349.64124,879700157
1692576000000,2438814198.60568,880269214
1692662400000,2805355085.87793,880768245
1692748800000,4105797823.46873,881192206
1692835200000,2313068104.14474,881712238
1692921600000,2858717862.40062,882324258
1693008000000,1073303915.618,882874631
1693094400000,1002187515.68256,883294423
1693180800000,2246551929.4793,883712238
1693267200000,3820977847.29979,884113026
1693353600000,3567436419.20723,884538734
1693440000000,3250990938.65929,885036076
1693526400000,3524505655.35176,885449713
1693612800000,1174633058.17086,885780234
1693699200000,1051592645.05443,886281348
1693785600000,1552988196.91317,886688161
1693872000000,2284752211.24082,887126454
1693958400000,2224002154.79391,887544663
1694044800000,2196838787.04771,888085033
1694131200000,1920704828.35152,888711147
1694217600000,1234753985.35514,889283606
1694304000000,1002287878.96294,889746462
1694390400000,2325306660.62546,890231866
1694476800000,2684061967.895,890770975
1694563200000,1902557899.09818,891184188
1694649600000,2117764128.12398,891781604
1694736000000,2619179658.31539,892339650
1694822400000,1401576877.96687,892799688
1694908800000,887334572.378266,893261344
1694995200000,2336439935.57735,893773507
1695081600000,2555774449.08711,894350189
1695168000000,2181950203.04142,895054866
1695254400000,2534569070.07673,895646989
1695340800000,2068161118.59606,896259253
1695427200000,1538409212.85504,896896158
1695513600000,1366636587.09446,897387893
1695600000000,2772928955.52695,897941446
1695686400000,2486736225.13232,898371573
1695772800000,2596845119.66752,898813117
1695859200000,3339343687.44509,899443311
1695945600000,3181198877.88148,899883181
1696032000000,2222128127.27103,900168813
1696118400000,1345571689.30558,900479922
1696204800000,3977522375.34707,900817492
1696291200000,2624422331.36143,901195814
1696377600000,3581678809.98668,901525840
1696464000000,2623391572.85266,901801274
1696550400000,2403218204.47369,902121653
1696636800000,1755532318.61642,902465341
1696723200000,1218999802.90646,902775980
1696809600000,2158065358.89112,903063250
1696896000000,3821910974.17874,903383323
1696982400000,3864035732.27036,903681819
1697068800000,2728907717.91035,903926001
1697155200000,2421619646.73989,904168578
1697241600000,1560413913.39204,904451509
1697328000000,1303123391.7132,904737004
1697414400000,3676992091.0107,905002043
1697500800000,4274499054.43053,905269186
1697587200000,4475389717.18445,905548967
1697673600000,3055653663.57343,905812653
1697760000000,5040684944.30675,906066430
1697846400000,1723876211.34224,906365163
1697932800000,1590687841.50725,906660247
1698019200000,5176316933.82226,906932091
1698105600000,8364035569.83612,907213455
1698192000000,5410058415.25534,907509916
1698278400000,5226498896.27219,907779086
1698364800000,5100484102.68939,908030025
1698451200000,2870949243.58053,908334308
1698537600000,1726351388.5868,908707814
1698624000000,4478036357.56236,909185230
1698710400000,3801042794.66349,909615890
1698796800000,4737884154.79507,910068620
1698883200000,4431468530.76846,910634065
1698969600000,4845318003.34683,911043105
1699056000000,1702192684.15139,911506299
1699142400000,1792951507.3764,911939924
1699228800000,3548525600.40783,912404125
1699315200000,3993548211.3351,912807567
1699401600000,5080135349.87352,913262246
1699488000000,6287696612.25172,913960440
1699574400000,5561958753.50992,914632831
1699660800000,2477252247.27004,915071920
1699747200000,1674082856.51465,915522161
1699833600000,3848545070.89366,916106091
1700006400000,4102614220.87673,916679882
1700092800000,4524130270.56271,917204210
1700179200000,4171500786.04356,917830353
1700265600000,1616474690.91864,918534829
1700352000000,1523180186.54029,918962076
1700438400000,4189953801.04533,919486107
1700524800000,5018074298.87425,920048531
1700611200000,5032277994.11897,920676461
1700697600000,3787901261.3865,921213486
1700784000000,4748926595.78504,921842625
1700870400000,2730084336.68126,922553830
1700956800000,2065071069.31666,923192383
1701043200000,5524499401.18849,923716138
1701129600000,4427109260.40222,924252457
1701216000000,4699623330.22113,924839602
1701302400000,5759474247.36202,925463209
1701388800000,5505329810.39051,926080200
1701475200000,2035583551.11194,926658637
1701561600000,2543818325.32534,927137454
1701648000000,6631870125.65438,927585786
1701734400000,7424874757.09328,927946728
1701820800000,7687976484.59329,928357959
1701907200000,6360147723.12784,928854719
1701993600000,5745064611.53081,929284567
1702080000000,3136020521.05905,929992908
1702166400000,2417173945.38543,930562927
1702252800000,8104950971.95544,931077955
1702339200000,7010140693.86994,931545434
1702425600000,3795478024.16476,931918061
1702512000000,4329637461.03691,932329201
1702598400000,5301820215.25496,932917928
1702684800000,3552822420.32707,933452445
1702771200000,2288390935.23657,933978865
1702857600000,4292902117.40589,934522487
1702944000000,5265539890.76467,935110003
1703030400000,7190126134.12483,935679332
1703116800000,4308624956.6147,936312887
1703203200000,5791592267.20611,936952126
1703289600000,2403694866.58469,937569042
1703376000000,2431478043.57516,938209850
1703462400000,2721717821.87289,938872489
1703548800000,5681935907.60952,939454845
1703635200000,6902847757.69989,940042742
1703721600000,4984776519.62601,940668085
1703808000000,7532430670.96034,941276895
1703894400000,4140609952.74797,942001587
1703980800000,5775726137.87489,942536098
1704067200000,3128005996.21581,943090132
1704153600000,6587808088.35459,943634656
1704240000000,5809292836.61332,944052234
1704326400000,6758590235.96716,944632318
1704412800000,5502551749.20121,945167644
1704499200000,3514058610.27081,945896255
1704585600000,2570531899.67504,946556126
1704672000000,5368278467.61453,946923536
1704758400000,7313080325.29491,947424793
1704844800000,8570243218.40498,947908585
1704931200000,10341488786.3729,948329345
1705017600000,14005870397.167,948711575
1705104000000,2818743351.11257,949060433
1705190400000,2706190809.40127,949474934
1705276800000,4996520831.94322,949942768
1705363200000,11430042037.9347,950326939
1705449600000,10222435916.6953,950775529
1705536000000,9254871867.18932,951150999
1705622400000,8969914143.77911,951806034
1705708800000,2894284664.53023,952396479
1705795200000,2224918361.827,952804824
1705881600000,9388167044.04862,953274980
1705968000000,8659927336.52534,953724623
1706054400000,9848223437.57515,954208051
1706140800000,8386242533.81369,954668345
1706227200000,9756330736.02551,955233068
1706313600000,2085901470.88597,955832047
1706400000000,2414305517.92477,956288205
1706486400000,9490934336.42113,956656644
1706572800000,10414364856.1938,957028168
1706659200000,13314893805.4767,957370904
1706745600000,7239258230.01516,957865037
1706832000000,5697691728.70117,958462221
1706918400000,1974959185.65812,959098510
1707004800000,1890619835.11406,959673171
1707091200000,6388823686.04065,960197091
1707177600000,6818400435.81739,960641403
1707264000000,5843028458.96372,961054349
1707350400000,6959960919.15908,961484454
1707436800000,7871681403.38526,962000059
1707523200000,2920257241.48923,962335639
1707609600000,3435220649.64012,962616556
1707696000000,9514614186.87102,962895075
1707782400000,8546209149.12684,963322737
1707868800000,14808730273.0706,963607899
1707955200000,9535567173.69029,963941941
1708041600000,9285188320.7897,964341289
1708128000000,2812316081.61152,964670904
1708214400000,2152571481.56267,965081012
1708300800000,4823413490.97235,965393032
1708387200000,8084102403.71277,965690056
1708473600000,8039334308.49175,965994483
1708560000000,8872259885.78946,966305833
1708646400000,7894519042.48728,966635397
1708732800000,3416208944.3718,966978466
1708819200000,2336779584.37572,967344189
1708905600000,7973852984.80545,967741094
1708992000000,12309674248.9436,968111669
1709078400000,17690707393.7552,968477026
1709164800000,15960554472.3852,968883453
1709251200000,15155004614.21,969225553
1709337600000,3495344246.43894,969645493
1709424000000,3175882955.33311,970001601
1709510400000,14721280340.4945,970388777
1709596800000,19156443673.3293,970802816
1709683200000,19598765884.1782,971209730
1709769600000,15234928433.5102,971629098
1709856000000,15049636665.7622,971968577
1709942400000,4704779112.53728,972353464
1710028800000,5757164174.64384,972714605
1710115200000,18287980135.9823,973139068
1710201600000,16249318406.9054,973521020
1710288000000,19749038369.9646,973958672
1710374400000,16402381871.9311,974384742
1710460800000,14316113749.4674,974743386
1710547200000,4543880223.85156,975111632
1710633600000,6585683552.70084,975506098
1710720000000,11933590441.3111,975848154
1710806400000,13678549274.5032,976237246
1710892800000,10724289256.4355,976566519
1710979200000,11202686425.6922,976874992
1711065600000,12407695913.8832,977231569
1711152000000,5780151499.66165,977597096
1711238400000,3446270505.15819,978014122
1711324800000,10813846448.7924,978477731
1711411200000,15441122467.6543,978838544
1711497600000,12835468637.1741,979166985
1711584000000,13059294357.1238,979506636
1711670400000,9052675458.63483,979832921
1711756800000,4899663871.94741,980164477
1711843200000,4052049395.04271,980481347
1711929600000,13085709742.5208,980798120
1712016000000,12446948304.8358,981154537
1712102400000,11542956859.3039,981583977
1712188800000,10660992756.1959,982034123
1712275200000,7927852982.3714,982523523
1712361600000,5025793841.24804,982842434
1712448000000,5011808062.96964,983169254
1712534400000,11418584778.4879,983527260
1712620800000,10939569437.81,983899636
1712707200000,8679207271.98072,984220272
1712793600000,8561053017.12006,984569460
1712880000000,9357183105.1514,985002826
1712966400000,6210051369.61311,985528264
1713052800000,5003997183.11191,985984696
1713139200000,11559341313.326,986437741
1713225600000,10682144920.8834,986969366
1713312000000,8561709706.40787,987447395
1713398400000,12336705133.4908,987894854
1713484800000,9479933431.70449,988401169
1713571200000,1849550188.38163,988874833
1713657600000,2437952939.19594,989378338
1713744000000,7335530723.9121,989833193
1713830400000,7265789225.50074,990218437
1713916800000,7652433880.53232,990636427
1714003200000,6784884049.3821,991029144
1714089600000,7554163013.00827,991660725
1714176000000,3253300158.0689,992303188
,,992971257
,,993902151
,,994509283
,,995035464
,,995476229
